Type,Value
sha256,9276e394bc5fa9a08b5fc84305d32544ff9f0421d0870c6d76c63a82f1955559
sha256,2db7fd3c9c3c4b67f2d50a5a50e8c69154dc859780dd487c28a4e6ed1af90d01
sha256,c73b6080ff81a42336be2baa3a159f746a054032615f53d0e1ff56d57c357b14
sha256,63c05cfdd2ee44057e619d1a9acead538e867cbee55873529d01686d1ec678a6
sha256,5ffbf8fd312922fc7aab26654f0da5d41cde2734c5321f8f4bcfd596c2660825
sha256,674e9e8f298c568798e965a9078f79578b07ef71d02a733231257a435f73b36d
sha256,508f772bde00e8cee5e5d185b3e44003982843d283e8448e3a4b6b29b4ff28a8
sha256,3245b97f939bbfb0d6ad0732c48097a45b3b7a7f1081eba41562c08ff33130cd
sha256,32b2344e7310ffad2bfd17454bb64cdabc0c35fb3b55e29627c0aeced6c4e0b7
sha256,5ebddd8e1d04b75331aae732364cce2da698639263b18b25fa06b92e4778ddc2
sha256,0f4ec73cf4f64d4b89f3c87a127bc7c46c052a4226f9876a3a75015b716d9228
sha256,9d02e952396bdff3abfe5654e07b7a713c84268a225e11ed9a3bf338ed1e424c
sha256,716a11cdc1b12827ee18027caa947f813cb3550412b5dcaae427be3bbcc0221f
sha256,918fa52ae45ed60ba7cc8bdc99c3cbe9ab92e0375ec31fc05d0d4513be11c593
sha256,be99857449d2856dd5a84e21c8a3d5e0e01456adb44062ddec5a6b4970d8d42c
